[
    {
        "id": "ed5640905914e2287e5dc623ef9f61d6",
        "server": "http://bullbr.xyz:80",
        "username": "1420559",
        "password": "123456",
        "added_at": "2025-07-09 15:18:38",
        "last_validated": "2025-07-09 15:18:38"
    },
    {
        "id": "ba206b0a5f5390d75952b63593c4c40b",
        "server": "http://levitashow.click",
        "username": "774459369",
        "password": "264358390",
        "added_at": "2025-07-09 15:18:38",
        "last_validated": "2025-07-09 15:18:38"
    }
]
