<?xml version="1.0" encoding="utf-8"?>
<layer-list xmlns:android="http://schemas.android.com/apk/res/android">
    
    <!-- Sombra do card -->
    <item android:left="0dp" android:right="8dp" android:top="0dp" android:bottom="8dp">
        <shape android:shape="rectangle">
            <corners android:radius="24dp" />
            <solid android:color="#20000000" />
        </shape>
    </item>
    
    <!-- Card principal com glassmorphism -->
    <item android:left="0dp" android:right="8dp" android:top="0dp" android:bottom="8dp">
        <shape android:shape="rectangle">
            <corners android:radius="24dp" />
            <solid android:color="@color/surface_glassmorphism" />
            <stroke 
                android:width="1dp" 
                android:color="@color/overlay_light" />
        </shape>
    </item>
    
</layer-list>