<?xml version="1.0" encoding="utf-8"?>
<selector xmlns:android="http://schemas.android.com/apk/res/android">
    <!-- Estado focado -->
    <item android:state_focused="true">
        <shape android:shape="rectangle">
            <corners android:radius="20dp" />
            <solid android:color="@color/input_background" />
            <stroke 
                android:width="2dp" 
                android:color="@color/input_border_focused" />
        </shape>
    </item>
    
    <!-- Estado normal -->
    <item>
        <shape android:shape="rectangle">
            <corners android:radius="20dp" />
            <solid android:color="@color/input_background" />
            <stroke 
                android:width="1dp" 
                android:color="@color/input_border" />
        </shape>
    </item>
</selector>