<?xml version="1.0" encoding="utf-8"?>
<selector xmlns:android="http://schemas.android.com/apk/res/android">
    <!-- Estado pressionado -->
    <item android:state_pressed="true">
        <shape android:shape="rectangle">
            <corners android:radius="25dp" />
            <gradient
                android:type="linear"
                android:angle="135"
                android:startColor="#5a67d8"
                android:endColor="#667eea" />
        </shape>
    </item>
    
    <!-- Estado normal -->
    <item>
        <shape android:shape="rectangle">
            <corners android:radius="25dp" />
            <gradient
                android:type="linear"
                android:angle="135"
                android:startColor="@color/button_gradient_start"
                android:endColor="@color/button_gradient_end" />
        </shape>
    </item>
</selector>