<?xml version="1.0" encoding="utf-8"?>
<selector xmlns:android="http://schemas.android.com/apk/res/android">
    <!-- Estado pressionado -->
    <item android:state_pressed="true">
        <shape android:shape="rectangle">
            <corners android:radius="20dp" />
            <solid android:color="@color/overlay_light" />
            <stroke 
                android:width="1dp" 
                android:color="@color/accent_color" />
        </shape>
    </item>
    
    <!-- Estado normal -->
    <item>
        <shape android:shape="rectangle">
            <corners android:radius="20dp" />
            <solid android:color="@color/surface_glassmorphism" />
            <stroke 
                android:width="1dp" 
                android:color="@color/input_border" />
        </shape>
    </item>
</selector>