<?xml version="1.0" encoding="utf-8"?>
<layer-list xmlns:android="http://schemas.android.com/apk/res/android">
    <item android:id="@android:id/background">
        <shape android:shape="rectangle">
            <corners android:radius="2dp" />
            <solid android:color="#40FFFFFF" />
        </shape>
    </item>
    <item android:id="@android:id/progress">
        <clip>
            <shape android:shape="rectangle">
                <corners android:radius="2dp" />
                <solid android:color="@color/accent_color" />
            </shape>
        </clip>
    </item>
</layer-list>