<?xml version="1.0" encoding="utf-8"?>
<resources>
    <color name="purple_200">#FFBB86FC</color>
    <color name="purple_500">#FF6200EE</color>
    <color name="purple_700">#FF3700B3</color>
    <color name="teal_200">#FF03DAC5</color>
    <color name="teal_700">#FF018786</color>
    <color name="black">#FF000000</color>
    <color name="white">#FFFFFFFF</color>
    
    <color name="primary_purple">#8B5CF6</color>
    <color name="dark_purple">#5B21B6</color>
    <color name="gradient_start">#9333EA</color>
    <color name="gradient_end">#7C3AED</color>
    <color name="background_dark">#1F1F1F</color>
    <color name="surface_dark">#2A2A2A</color>
    <color name="text_primary">#FFFFFF</color>
    <color name="text_secondary">#B3B3B3</color>
    <color name="accent_color">#8B5CF6</color>
</resources>